{
 "environment": {
  "uvspecVersion": "uvspec, version 2.0.6-MYSTIC",
  "libradtranSource": "conda-forge rubin-libradtran (real build of the upstream libRadtran 2.0.6 tarball)",
  "dataPackage": "share/libRadtran/data from the same package",
  "generatorCommit": "d7876dfc101b50f20359a75158cbbc62a5dc8956",
  "outputsAreReal": true,
  "pythonEnv": {
   "LIBRADTRAN_BIN": "/tmp/claude-0/-home-user-starsvisibility/a343e0a7-9db0-5842-b21e-416b412b4e0f/scratchpad/lrt-env/bin/uvspec",
   "LIBRADTRAN_DATA": "/tmp/claude-0/-home-user-starsvisibility/a343e0a7-9db0-5842-b21e-416b412b4e0f/scratchpad/lrt-env/share/libRadtran/data"
  }
 },
 "statistics": {
  "casesTotal": 67,
  "casesOk": 67,
  "casesFailed": 0,
  "casesStatisticallyUnresolved": 0,
  "unresolvedCaseIds": [],
  "failedCaseIds": [],
  "photonCountsByDepression": {
   "0": 2000000,
   "2": 2000000,
   "4": 8000000,
   "6": 20000000,
   "8": 40000000
  },
  "runtimeSecondsPerCase": {
   "median": 39.768,
   "max": 224.131,
   "total": 5480.922
  },
  "photopicRelativeUncertainty": {
   "median": 0.011359504085986969,
   "max": 0.3712793068311472
  },
  "wavelengthGridConsistency": {
   "median": 0.003222938862737195,
   "max": 0.007706297431260115
  },
  "rawOutputMB": 147.8,
  "domainProbes": [
   {
    "sunDepressionDeg": 9,
    "luminanceCdM2": 0.02473379941152525,
    "relUncert": 0.09247116578538256,
    "resolved": true
   },
   {
    "sunDepressionDeg": 10,
    "luminanceCdM2": 0.010703331878195887,
    "relUncert": 0.12602555056153494,
    "resolved": true
   },
   {
    "sunDepressionDeg": 12,
    "luminanceCdM2": 0.0021764074403458227,
    "relUncert": 0.3712793068311472,
    "resolved": true
   }
  ],
  "monteCarlo": {
   "groups": [
    {
     "sunDepressionDeg": 4,
     "targetAltitudeDeg": 30,
     "relativeAzimuthDeg": 90,
     "aod550": 0.15,
     "nSeeds": 6,
     "photonCount": 8000000,
     "meanLuminanceCdM2": 8.636106265083738,
     "empiricalStdCdM2": 0.07166829568079579,
     "empiricalRelStd": 0.00829868154477843,
     "meanReportedStdCdM2": 0.08605789369685497,
     "empiricalToReportedRatio": 0.8327916545721237,
     "seeds": [
      2001,
      2002,
      2003,
      2004,
      2005,
      1000
     ],
     "values": [
      8.715505183878122,
      8.628998502144887,
      8.57612234315947,
      8.600198701696746,
      8.563760417855537,
      8.732052441767669
     ]
    },
    {
     "sunDepressionDeg": 8,
     "targetAltitudeDeg": 10,
     "relativeAzimuthDeg": 90,
     "aod550": 0.15,
     "nSeeds": 6,
     "photonCount": 40000000,
     "meanLuminanceCdM2": 0.17324492264802657,
     "empiricalStdCdM2": 0.0037025166298487065,
     "empiricalRelStd": 0.02137157368456294,
     "meanReportedStdCdM2": 0.005339289221359096,
     "empiricalToReportedRatio": 0.6934474751877638,
     "seeds": [
      3001,
      3002,
      3003,
      3004,
      3005,
      1000
     ],
     "values": [
      0.17888438492865638,
      0.17559058262570917,
      0.16918083068560907,
      0.1701437655488084,
      0.17437890582798796,
      0.1712910662713884
     ]
    }
   ],
   "worstEmpiricalToReportedRatio": 0.8327916545721237
  },
  "observationalChecks": {
   "checks": [
    {
     "check": "zenith luminance dep 0 deg",
     "passed": true,
     "detail": "sim 10^2.12 cd/m2 vs anchor 10^2.30 \u00b1 0.45 dex (Koomen 1952 / Rozenberg 1966 zenith luminance at sunset ~1e2..4e2 cd/m2)"
    },
    {
     "check": "zenith luminance dep 4 deg",
     "passed": true,
     "detail": "sim 10^0.70 cd/m2 vs anchor 10^0.78 \u00b1 0.55 dex (interpolated Koomen/Rozenberg zenith decay (~1 dex per ~2 deg))"
    },
    {
     "check": "zenith luminance dep 8 deg",
     "passed": true,
     "detail": "sim 10^-1.25 cd/m2 vs anchor 10^-1.22 \u00b1 0.65 dex (interpolated Koomen/Rozenberg zenith decay toward ~1e-3 cd/m2 at ~11 deg)"
    },
    {
     "check": "zenith decay slope 4-8 deg vs Patat 2006 (~1 mag/deg, 6-12 deg)",
     "passed": true,
     "detail": "sim 1.22 mag/arcsec2/deg vs literature 0.8-1.2 (ranges differ: 4-8 vs 6-12 deg \u2014 tolerance widened \u00b10.25)"
    },
    {
     "check": "all resolved radiances finite and positive",
     "passed": true,
     "detail": "57 cases"
    },
    {
     "check": "brightness declines monotonically with depression (12 geometries)",
     "passed": true,
     "detail": "failures: none"
    },
    {
     "check": "sunward brighter than antisolar at alt 10",
     "passed": true,
     "detail": "dep 0: 5.5x; dep 4: 19.2x; dep 8: 22.0x"
    },
    {
     "check": "solar/antisolar contrast grows with depression",
     "passed": true,
     "detail": "monotone growth expected as shadow rises antisolar-first"
    },
    {
     "check": "AOD response finite and documented (dep 4, alt 10, sunward)",
     "passed": true,
     "detail": "AOD 0.05: 163 cd/m2; AOD 0.15: 110 cd/m2; AOD 0.3: 59 cd/m2"
    }
   ],
   "passed": 9,
   "total": 9,
   "diagnostics": [
    {
     "diagnostic": "illuminance dep 0 deg (factor-3, crude quadrature)",
     "expectationMet": true,
     "detail": "sim 919 lx (10^2.96) vs anchor 10^2.74 \u00b1 0.3 (sunset horizontal illuminance ~400-700 lx)"
    },
    {
     "diagnostic": "illuminance dep 4 deg (factor-3, crude quadrature)",
     "expectationMet": false,
     "detail": "sim 37.8 lx (10^1.58) vs anchor 10^1.08 \u00b1 0.45 (interpolated twilight illuminance curve)"
    },
    {
     "diagnostic": "illuminance dep 8 deg (factor-3, crude quadrature)",
     "expectationMet": true,
     "detail": "sim 0.618 lx (10^-0.21) vs anchor 10^-0.46 \u00b1 0.55 (interpolated twilight illuminance curve)"
    }
   ]
  },
  "canonicalGrid": {
   "axes": {
    "depressions": [
     0,
     2,
     4,
     6,
     8
    ],
    "depressionsCore": [
     0,
     2,
     4,
     6,
     8
    ],
    "depressionsExtension": [],
    "altitudes": [
     10,
     15,
     30,
     45,
     60,
     90
    ],
    "relativeAzimuths": [
     0,
     30,
     60,
     90,
     120,
     150,
     180
    ],
    "aod550": [
     0.05,
     0.15,
     0.3
    ]
   },
   "counts": {
    "uniqueNodeCount": 540,
    "nodesByDepression": {
     "0": 108,
     "2": 108,
     "4": 108,
     "6": 108,
     "8": 108
    },
    "nodesByPhotonBudget": {
     "2000000": 216,
     "8000000": 108,
     "20000000": 108,
     "40000000": 108
    },
    "zenithNodesPerDepAod": 1,
    "repeatNodeCount": 65,
    "repeatSeedCount": 5,
    "repeatRunCount": 325,
    "validationRunCount": 60,
    "totalSimulationRuns": 925,
    "projectedCpuHours": 18.5,
    "projectedWallHoursAtJobs": 4.62,
    "jobs": 4,
    "projectedRawMB": 2035.0,
    "projectedProcessedMB": 5.42,
    "photonsByDepression": {
     "0": 2000000,
     "2": 2000000,
     "4": 8000000,
     "6": 20000000,
     "8": 40000000,
     "10": 100000000
    }
   }
  },
  "projectedGridCpuHoursSingleCore": 18.5,
  "gateInputs": {
   "coreCellsExpected": 36,
   "coreCellsPresent": 36,
   "coreCellsResolved": 36,
   "resolvedCoverage": 1.0,
   "relP95": 0.054975807490188607,
   "relMax": 0.3712793068311472,
   "mcGroupCount": 2,
   "mcDepthSpread": [
    4,
    8
   ],
   "mcSigmaRatios": [
    0.8327916545721237,
    0.6934474751877638
   ],
   "solverValidationPass": true,
   "gridConsistencyP95": 0.004569601502707858
  },
  "gates": [
   {
    "gate": "solver+geometry valid in twilight (from solver-validation.json + full core-cell coverage)",
    "passed": true,
    "evidence": "solver-validation pass=True, MYSTIC 7/7 valid, DISORT-invalid-below-horizon=True; core cells 36/36 resolved (expected >=36)"
   },
   {
    "gate": "numerical stability adequate for a LUT (coverage + p95 + max)",
    "passed": true,
    "evidence": "resolved coverage 100.0%, p95 rel uncertainty 5.50%, max 37.1%"
   },
   {
    "gate": "Monte Carlo uncertainty quantified (repeat groups + spread + sigma-ratio band)",
    "passed": true,